{"credit":"By Ewan Howell","gui_light":"front","textures":{"arrow":"entity/projectiles/arrow","bow":"item/bows","string":"item/strings"},"elements":[{"from":[2,1,7.5],"to":[3,8,8.5],"rotation":{"angle":45,"axis":"z","origin":[8,8,8.1]},"faces":{"north":{"uv":[9,15.5,9.5,12],"rotation":180,"texture":"#bow"},"south":{"uv":[9,12,9.5,15.5],"texture":"#bow"},"west":{"uv":[9,12,9.5,15.5],"texture":"#bow"},"up":{"uv":[9.5,12,9,12.5],"rotation":180,"texture":"#bow"},"down":{"uv":[9,15,9.5,15.5],"texture":"#bow"}}},{"from":[8,11,7.5],"to":[15,14,8.5],"rotation":{"angle":45,"axis":"z","origin":[8,8,8.1]},"faces":{"north":{"uv":[12,10.5,15.5,9],"rotation":180,"texture":"#bow"},"east":{"uv":[15,9,15.5,10.5],"texture":"#bow"},"south":{"uv":[12,9,15.5,10.5],"texture":"#bow"},"west":{"uv":[12,9,12.5,10.5],"texture":"#bow"},"up":{"uv":[15.5,9,12,9.5],"rotation":180,"texture":"#bow"},"down":{"uv":[12,10,15.5,10.5],"texture":"#bow"}}},{"from":[6,10,7.5],"to":[8,13,8.5],"rotation":{"angle":45,"axis":"z","origin":[8,8,8.1]},"faces":{"north":{"uv":[11,11,12,9.5],"rotation":180,"texture":"#bow"},"east":{"uv":[11.5,9.5,12,11],"texture":"#bow"},"south":{"uv":[11,9.5,12,11],"texture":"#bow"},"west":{"uv":[11,9.5,11.5,11],"texture":"#bow"},"up":{"uv":[12,9.5,11,10],"rotation":180,"texture":"#bow"},"down":{"uv":[11,10.5,12,11],"texture":"#bow"}}},{"from":[15,12,7.5],"to":[16,13,8.5],"rotation":{"angle":45,"axis":"z","origin":[8,8,8.1]},"faces":{"north":{"uv":[15.5,10,16,9.5],"rotation":180,"texture":"#bow"},"east":{"uv":[15.5,9.5,16,10],"texture":"#bow"},"south":{"uv":[15.5,9.5,16,10],"texture":"#bow"},"up":{"uv":[16,9.5,15.5,10],"rotation":180,"texture":"#bow"},"down":{"uv":[15.5,9.5,16,10],"texture":"#bow"}}},{"from":[5,8,7.5],"to":[6,12,8.5],"rotation":{"angle":45,"axis":"z","origin":[8,8,8.1]},"faces":{"north":{"uv":[10.5,12,11,10],"rotation":180,"texture":"#bow"},"east":{"uv":[10.5,10,11,12],"texture":"#bow"},"south":{"uv":[10.5,10,11,12],"texture":"#bow"},"west":{"uv":[10.5,10,11,12],"texture":"#bow"},"up":{"uv":[11,10,10.5,10.5],"rotation":180,"texture":"#bow"},"down":{"uv":[10.5,11.5,11,12],"texture":"#bow"}}},{"from":[4,1,7.5],"to":[5,11,8.5],"rotation":{"angle":45,"axis":"z","origin":[8,8,8.1]},"faces":{"north":{"uv":[10,15.5,10.5,10.5],"rotation":180,"texture":"#bow"},"east":{"uv":[10,10.5,10.5,15.5],"texture":"#bow"},"south":{"uv":[10,10.5,10.5,15.5],"texture":"#bow"},"west":{"uv":[10,10.5,10.5,15.5],"texture":"#bow"},"up":{"uv":[10.5,10.5,10,11],"rotation":180,"texture":"#bow"},"down":{"uv":[10,15,10.5,15.5],"texture":"#bow"}}},{"from":[3,0,7.5],"to":[4,10,8.5],"rotation":{"angle":45,"axis":"z","origin":[8,8,8.1]},"faces":{"north":{"uv":[9.5,16,10,11],"rotation":180,"texture":"#bow"},"east":{"uv":[9.5,11,10,16],"texture":"#bow"},"south":{"uv":[9.5,11,10,16],"texture":"#bow"},"west":{"uv":[9.5,11,10,16],"texture":"#bow"},"up":{"uv":[10,11,9.5,11.5],"rotation":180,"texture":"#bow"},"down":{"uv":[9.5,15.5,10,16],"texture":"#bow"}}},{"from":[6,9,7.5],"to":[7,10,8.5],"rotation":{"angle":45,"axis":"z","origin":[8,8,8.1]},"faces":{"north":{"uv":[11,11.5,11.5,11],"rotation":180,"texture":"#bow"},"east":{"uv":[11,11,11.5,11.5],"texture":"#bow"},"south":{"uv":[11,11,11.5,11.5],"texture":"#bow"},"down":{"uv":[11,11,11.5,11.5],"texture":"#bow"}}},{"from":[5,1,8],"to":[15,11,8],"rotation":{"angle":45,"axis":"z","origin":[8,8,8.1]},"faces":{"north":{"uv":[15.5,10.5,10.5,15.5],"texture":"#string"},"south":{"uv":[10.5,10.5,15.5,15.5],"texture":"#string"}}},{"from":[-2.24264,5.5,8.5],"to":[13.75736,10.5,8.5],"rotation":{"angle":-45,"axis":"x","origin":[8,8,8.6]},"faces":{"north":{"uv":[0,0,8,2.5],"texture":"#arrow"},"south":{"uv":[8,0,0,2.5],"texture":"#arrow"}}},{"from":[-2.24264,8,6],"to":[13.75736,8,11],"rotation":{"angle":-45,"axis":"x","origin":[8,8,8.6]},"faces":{"up":{"uv":[8,2.5,0,0],"texture":"#arrow"},"down":{"uv":[0,0,8,2.5],"rotation":180,"texture":"#arrow"}}},{"from":[12.75736,5.5,6],"to":[12.75736,10.5,11],"rotation":{"angle":-45,"axis":"x","origin":[8,8,8.6]},"faces":{"east":{"uv":[2.5,2.5,0,5],"texture":"#arrow"},"west":{"uv":[0,2.5,2.5,5],"texture":"#arrow"}}}],"display":{"thirdperson_righthand":{"rotation":[-35,260,-40],"translation":[-1,-2,2.5],"scale":[0.9,0.9,0.9]},"thirdperson_lefthand":{"rotation":[-35,-280,40],"translation":[-1,-2,2.5],"scale":[0.9,0.9,0.9]},"firstperson_righthand":{"rotation":[45,-90,25],"translation":[1.13,3.2,1.13],"scale":[0.68,0.68,0.68]},"firstperson_lefthand":{"rotation":[45,-90,-155],"translation":[1.13,3.2,1.13],"scale":[0.68,0.68,0.68]},"ground":{"rotation":[0,0,-45],"translation":[0,2,0],"scale":[0.5,0.5,0.5]},"gui":{"rotation":[0,0,-45]},"head":{"rotation":[4,180,-45],"translation":[0,13,7]},"fixed":{"rotation":[0,180,-45]}}}