{
  "parent": "minecraft:item/generated",
  "textures": {
    "layer0": "minecraft:item/item_frame"
  },
	"overrides": [
    {"predicate": {"custom_model_data":5480}, "model": "doggy_care:items/toys/toy_base"},
    {"predicate": {"custom_model_data":5481}, "model": "doggy_care:items/toys/firefighter_ball"},
    {"predicate": {"custom_model_data":5482}, "model": "doggy_care:items/toys/doggy_of_undying"},
    {"predicate": {"custom_model_data":5483}, "model": "doggy_care:items/toys/anti_void"},
    {"predicate": {"custom_model_data":5484}, "model": "doggy_care:items/toys/steel_claws"},
    {"predicate": {"custom_model_data":5485}, "model": "doggy_care:items/toys/heart_pillow"},
    {"predicate": {"custom_model_data":5486}, "model": "doggy_care:items/toys/bomb_plushie"},
    {"predicate": {"custom_model_data":5487}, "model": "doggy_care:items/toys/frosty_bone"},
    {"predicate": {"custom_model_data":5488}, "model": "doggy_care:items/toys/noisy_ball"},
    {"predicate": {"custom_model_data":5489}, "model": "doggy_care:items/toys/poison_claw"},
    {"predicate": {"custom_model_data":5490}, "model": "doggy_care:items/toys/diver_goggles"},



    {"predicate": {"custom_model_data":6000}, "model": "doggy_care:items/misc/misc_base"},
    {"predicate": {"custom_model_data":6001}, "model": "doggy_care:items/misc/xp_candy1"},
    {"predicate": {"custom_model_data":6002}, "model": "doggy_care:items/misc/xp_candy2"},
    {"predicate": {"custom_model_data":6003}, "model": "doggy_care:items/misc/xp_candy3"},
    {"predicate": {"custom_model_data":6004}, "model": "doggy_care:items/misc/rename_book"},
    {"predicate": {"custom_model_data":6005}, "model": "doggy_care:items/misc/digger_candy1"},
    {"predicate": {"custom_model_data":6006}, "model": "doggy_care:items/misc/digger_candy2"},



    {"predicate": {"custom_model_data":8401}, "model": "doggy_care:ui/none"},
    {"predicate": {"custom_model_data":8402}, "model": "doggy_care:ui/arrows/up_blank"},
    {"predicate": {"custom_model_data":8403}, "model": "doggy_care:ui/arrows/up"},
    {"predicate": {"custom_model_data":8404}, "model": "doggy_care:ui/arrows/down_blank"},
    {"predicate": {"custom_model_data":8405}, "model": "doggy_care:ui/arrows/down"},
    {"predicate": {"custom_model_data":9846}, "model": "doggy_care:ui/base"},



		{"predicate": {"custom_model_data":10022201}, "model": "doggy_care:items/dog_beds/oak/red_bed"},
    {"predicate": {"custom_model_data":10022202}, "model": "doggy_care:items/dog_beds/oak/blue_bed"},
    {"predicate": {"custom_model_data":10022203}, "model": "doggy_care:items/dog_beds/oak/lime_bed"},
    {"predicate": {"custom_model_data":10022204}, "model": "doggy_care:items/dog_beds/oak/orange_bed"},
    {"predicate": {"custom_model_data":10022205}, "model": "doggy_care:items/dog_beds/oak/yellow_bed"},
    {"predicate": {"custom_model_data":10022206}, "model": "doggy_care:items/dog_beds/oak/brown_bed"},
    {"predicate": {"custom_model_data":10022207}, "model": "doggy_care:items/dog_beds/oak/purple_bed"},
    {"predicate": {"custom_model_data":10022208}, "model": "doggy_care:items/dog_beds/oak/magenta_bed"},
    {"predicate": {"custom_model_data":10022209}, "model": "doggy_care:items/dog_beds/oak/pink_bed"},
    {"predicate": {"custom_model_data":10022210}, "model": "doggy_care:items/dog_beds/oak/cyan_bed"},
    {"predicate": {"custom_model_data":10022211}, "model": "doggy_care:items/dog_beds/oak/light_blue_bed"},
    {"predicate": {"custom_model_data":10022212}, "model": "doggy_care:items/dog_beds/oak/green_bed"},
    {"predicate": {"custom_model_data":10022213}, "model": "doggy_care:items/dog_beds/oak/gray_bed"},
    {"predicate": {"custom_model_data":10022214}, "model": "doggy_care:items/dog_beds/oak/light_gray_bed"},
    {"predicate": {"custom_model_data":10022215}, "model": "doggy_care:items/dog_beds/oak/black_bed"},
    {"predicate": {"custom_model_data":10022216}, "model": "doggy_care:items/dog_beds/oak/white_bed"},


    {"predicate": {"custom_model_data":10022217}, "model": "doggy_care:items/dog_beds/acacia/brown_bed"},
    {"predicate": {"custom_model_data":10022218}, "model": "doggy_care:items/dog_beds/acacia/red_bed"},
    {"predicate": {"custom_model_data":10022219}, "model": "doggy_care:items/dog_beds/acacia/orange_bed"},
    {"predicate": {"custom_model_data":10022220}, "model": "doggy_care:items/dog_beds/acacia/yellow_bed"},
    {"predicate": {"custom_model_data":10022221}, "model": "doggy_care:items/dog_beds/acacia/lime_bed"},
    {"predicate": {"custom_model_data":10022222}, "model": "doggy_care:items/dog_beds/acacia/green_bed"},
    {"predicate": {"custom_model_data":10022223}, "model": "doggy_care:items/dog_beds/acacia/cyan_bed"},
    {"predicate": {"custom_model_data":10022224}, "model": "doggy_care:items/dog_beds/acacia/blue_bed"},
    {"predicate": {"custom_model_data":10022225}, "model": "doggy_care:items/dog_beds/acacia/light_blue_bed"},
    {"predicate": {"custom_model_data":10022226}, "model": "doggy_care:items/dog_beds/acacia/pink_bed"},
    {"predicate": {"custom_model_data":10022227}, "model": "doggy_care:items/dog_beds/acacia/magenta_bed"},
    {"predicate": {"custom_model_data":10022228}, "model": "doggy_care:items/dog_beds/acacia/purple_bed"},
    {"predicate": {"custom_model_data":10022229}, "model": "doggy_care:items/dog_beds/acacia/black_bed"},
    {"predicate": {"custom_model_data":10022230}, "model": "doggy_care:items/dog_beds/acacia/gray_bed"},
    {"predicate": {"custom_model_data":10022231}, "model": "doggy_care:items/dog_beds/acacia/light_gray_bed"},
    {"predicate": {"custom_model_data":10022232}, "model": "doggy_care:items/dog_beds/acacia/white_bed"},


    {"predicate": {"custom_model_data":10022233}, "model": "doggy_care:items/dog_beds/birch/brown_bed"},
    {"predicate": {"custom_model_data":10022234}, "model": "doggy_care:items/dog_beds/birch/red_bed"},
    {"predicate": {"custom_model_data":10022235}, "model": "doggy_care:items/dog_beds/birch/orange_bed"},
    {"predicate": {"custom_model_data":10022236}, "model": "doggy_care:items/dog_beds/birch/yellow_bed"},
    {"predicate": {"custom_model_data":10022237}, "model": "doggy_care:items/dog_beds/birch/lime_bed"},
    {"predicate": {"custom_model_data":10022238}, "model": "doggy_care:items/dog_beds/birch/green_bed"},
    {"predicate": {"custom_model_data":10022239}, "model": "doggy_care:items/dog_beds/birch/cyan_bed"},
    {"predicate": {"custom_model_data":10022240}, "model": "doggy_care:items/dog_beds/birch/blue_bed"},
    {"predicate": {"custom_model_data":10022241}, "model": "doggy_care:items/dog_beds/birch/light_blue_bed"},
    {"predicate": {"custom_model_data":10022242}, "model": "doggy_care:items/dog_beds/birch/pink_bed"},
    {"predicate": {"custom_model_data":10022243}, "model": "doggy_care:items/dog_beds/birch/magenta_bed"},
    {"predicate": {"custom_model_data":10022244}, "model": "doggy_care:items/dog_beds/birch/purple_bed"},
    {"predicate": {"custom_model_data":10022245}, "model": "doggy_care:items/dog_beds/birch/black_bed"},
    {"predicate": {"custom_model_data":10022246}, "model": "doggy_care:items/dog_beds/birch/gray_bed"},
    {"predicate": {"custom_model_data":10022247}, "model": "doggy_care:items/dog_beds/birch/light_gray_bed"},
    {"predicate": {"custom_model_data":10022248}, "model": "doggy_care:items/dog_beds/birch/white_bed"},


    {"predicate": {"custom_model_data":10022249}, "model": "doggy_care:items/dog_beds/crimson/brown_bed"},
    {"predicate": {"custom_model_data":10022250}, "model": "doggy_care:items/dog_beds/crimson/red_bed"},
    {"predicate": {"custom_model_data":10022251}, "model": "doggy_care:items/dog_beds/crimson/orange_bed"},
    {"predicate": {"custom_model_data":10022252}, "model": "doggy_care:items/dog_beds/crimson/yellow_bed"},
    {"predicate": {"custom_model_data":10022253}, "model": "doggy_care:items/dog_beds/crimson/lime_bed"},
    {"predicate": {"custom_model_data":10022254}, "model": "doggy_care:items/dog_beds/crimson/green_bed"},
    {"predicate": {"custom_model_data":10022255}, "model": "doggy_care:items/dog_beds/crimson/cyan_bed"},
    {"predicate": {"custom_model_data":10022256}, "model": "doggy_care:items/dog_beds/crimson/blue_bed"},
    {"predicate": {"custom_model_data":10022257}, "model": "doggy_care:items/dog_beds/crimson/light_blue_bed"},
    {"predicate": {"custom_model_data":10022258}, "model": "doggy_care:items/dog_beds/crimson/pink_bed"},
    {"predicate": {"custom_model_data":10022259}, "model": "doggy_care:items/dog_beds/crimson/magenta_bed"},
    {"predicate": {"custom_model_data":10022260}, "model": "doggy_care:items/dog_beds/crimson/purple_bed"},
    {"predicate": {"custom_model_data":10022261}, "model": "doggy_care:items/dog_beds/crimson/black_bed"},
    {"predicate": {"custom_model_data":10022262}, "model": "doggy_care:items/dog_beds/crimson/gray_bed"},
    {"predicate": {"custom_model_data":10022263}, "model": "doggy_care:items/dog_beds/crimson/light_gray_bed"},
    {"predicate": {"custom_model_data":10022264}, "model": "doggy_care:items/dog_beds/crimson/white_bed"},


    {"predicate": {"custom_model_data":10022265}, "model": "doggy_care:items/dog_beds/dark_oak/brown_bed"},
    {"predicate": {"custom_model_data":10022266}, "model": "doggy_care:items/dog_beds/dark_oak/red_bed"},
    {"predicate": {"custom_model_data":10022267}, "model": "doggy_care:items/dog_beds/dark_oak/orange_bed"},
    {"predicate": {"custom_model_data":10022268}, "model": "doggy_care:items/dog_beds/dark_oak/yellow_bed"},
    {"predicate": {"custom_model_data":10022269}, "model": "doggy_care:items/dog_beds/dark_oak/lime_bed"},
    {"predicate": {"custom_model_data":10022270}, "model": "doggy_care:items/dog_beds/dark_oak/green_bed"},
    {"predicate": {"custom_model_data":10022271}, "model": "doggy_care:items/dog_beds/dark_oak/cyan_bed"},
    {"predicate": {"custom_model_data":10022272}, "model": "doggy_care:items/dog_beds/dark_oak/blue_bed"},
    {"predicate": {"custom_model_data":10022273}, "model": "doggy_care:items/dog_beds/dark_oak/light_blue_bed"},
    {"predicate": {"custom_model_data":10022274}, "model": "doggy_care:items/dog_beds/dark_oak/pink_bed"},
    {"predicate": {"custom_model_data":10022275}, "model": "doggy_care:items/dog_beds/dark_oak/magenta_bed"},
    {"predicate": {"custom_model_data":10022276}, "model": "doggy_care:items/dog_beds/dark_oak/purple_bed"},
    {"predicate": {"custom_model_data":10022277}, "model": "doggy_care:items/dog_beds/dark_oak/black_bed"},
    {"predicate": {"custom_model_data":10022278}, "model": "doggy_care:items/dog_beds/dark_oak/gray_bed"},
    {"predicate": {"custom_model_data":10022279}, "model": "doggy_care:items/dog_beds/dark_oak/light_gray_bed"},
    {"predicate": {"custom_model_data":10022280}, "model": "doggy_care:items/dog_beds/dark_oak/white_bed"},


    {"predicate": {"custom_model_data":10022281}, "model": "doggy_care:items/dog_beds/jungle/brown_bed"},
    {"predicate": {"custom_model_data":10022282}, "model": "doggy_care:items/dog_beds/jungle/red_bed"},
    {"predicate": {"custom_model_data":10022283}, "model": "doggy_care:items/dog_beds/jungle/orange_bed"},
    {"predicate": {"custom_model_data":10022284}, "model": "doggy_care:items/dog_beds/jungle/yellow_bed"},
    {"predicate": {"custom_model_data":10022285}, "model": "doggy_care:items/dog_beds/jungle/lime_bed"},
    {"predicate": {"custom_model_data":10022286}, "model": "doggy_care:items/dog_beds/jungle/green_bed"},
    {"predicate": {"custom_model_data":10022287}, "model": "doggy_care:items/dog_beds/jungle/cyan_bed"},
    {"predicate": {"custom_model_data":10022288}, "model": "doggy_care:items/dog_beds/jungle/blue_bed"},
    {"predicate": {"custom_model_data":10022289}, "model": "doggy_care:items/dog_beds/jungle/light_blue_bed"},
    {"predicate": {"custom_model_data":10022290}, "model": "doggy_care:items/dog_beds/jungle/pink_bed"},
    {"predicate": {"custom_model_data":10022291}, "model": "doggy_care:items/dog_beds/jungle/magenta_bed"},
    {"predicate": {"custom_model_data":10022292}, "model": "doggy_care:items/dog_beds/jungle/purple_bed"},
    {"predicate": {"custom_model_data":10022293}, "model": "doggy_care:items/dog_beds/jungle/black_bed"},
    {"predicate": {"custom_model_data":10022294}, "model": "doggy_care:items/dog_beds/jungle/gray_bed"},
    {"predicate": {"custom_model_data":10022295}, "model": "doggy_care:items/dog_beds/jungle/light_gray_bed"},
    {"predicate": {"custom_model_data":10022296}, "model": "doggy_care:items/dog_beds/jungle/white_bed"},


    {"predicate": {"custom_model_data":10022297}, "model": "doggy_care:items/dog_beds/spruce/brown_bed"},
    {"predicate": {"custom_model_data":10022298}, "model": "doggy_care:items/dog_beds/spruce/red_bed"},
    {"predicate": {"custom_model_data":10022299}, "model": "doggy_care:items/dog_beds/spruce/orange_bed"},
    {"predicate": {"custom_model_data":10022300}, "model": "doggy_care:items/dog_beds/spruce/yellow_bed"},
    {"predicate": {"custom_model_data":10022301}, "model": "doggy_care:items/dog_beds/spruce/lime_bed"},
    {"predicate": {"custom_model_data":10022302}, "model": "doggy_care:items/dog_beds/spruce/green_bed"},
    {"predicate": {"custom_model_data":10022303}, "model": "doggy_care:items/dog_beds/spruce/cyan_bed"},
    {"predicate": {"custom_model_data":10022304}, "model": "doggy_care:items/dog_beds/spruce/blue_bed"},
    {"predicate": {"custom_model_data":10022305}, "model": "doggy_care:items/dog_beds/spruce/light_blue_bed"},
    {"predicate": {"custom_model_data":10022306}, "model": "doggy_care:items/dog_beds/spruce/pink_bed"},
    {"predicate": {"custom_model_data":10022307}, "model": "doggy_care:items/dog_beds/spruce/magenta_bed"},
    {"predicate": {"custom_model_data":10022308}, "model": "doggy_care:items/dog_beds/spruce/purple_bed"},
    {"predicate": {"custom_model_data":10022309}, "model": "doggy_care:items/dog_beds/spruce/black_bed"},
    {"predicate": {"custom_model_data":10022310}, "model": "doggy_care:items/dog_beds/spruce/gray_bed"},
    {"predicate": {"custom_model_data":10022311}, "model": "doggy_care:items/dog_beds/spruce/light_gray_bed"},
    {"predicate": {"custom_model_data":10022312}, "model": "doggy_care:items/dog_beds/spruce/white_bed"},


    {"predicate": {"custom_model_data":10022313}, "model": "doggy_care:items/dog_beds/warped/brown_bed"},
    {"predicate": {"custom_model_data":10022314}, "model": "doggy_care:items/dog_beds/warped/red_bed"},
    {"predicate": {"custom_model_data":10022315}, "model": "doggy_care:items/dog_beds/warped/orange_bed"},
    {"predicate": {"custom_model_data":10022316}, "model": "doggy_care:items/dog_beds/warped/yellow_bed"},
    {"predicate": {"custom_model_data":10022317}, "model": "doggy_care:items/dog_beds/warped/lime_bed"},
    {"predicate": {"custom_model_data":10022318}, "model": "doggy_care:items/dog_beds/warped/green_bed"},
    {"predicate": {"custom_model_data":10022319}, "model": "doggy_care:items/dog_beds/warped/cyan_bed"},
    {"predicate": {"custom_model_data":10022320}, "model": "doggy_care:items/dog_beds/warped/blue_bed"},
    {"predicate": {"custom_model_data":10022321}, "model": "doggy_care:items/dog_beds/warped/light_blue_bed"},
    {"predicate": {"custom_model_data":10022322}, "model": "doggy_care:items/dog_beds/warped/pink_bed"},
    {"predicate": {"custom_model_data":10022323}, "model": "doggy_care:items/dog_beds/warped/magenta_bed"},
    {"predicate": {"custom_model_data":10022324}, "model": "doggy_care:items/dog_beds/warped/purple_bed"},
    {"predicate": {"custom_model_data":10022325}, "model": "doggy_care:items/dog_beds/warped/black_bed"},
    {"predicate": {"custom_model_data":10022326}, "model": "doggy_care:items/dog_beds/warped/gray_bed"},
    {"predicate": {"custom_model_data":10022327}, "model": "doggy_care:items/dog_beds/warped/light_gray_bed"},
    {"predicate": {"custom_model_data":10022328}, "model": "doggy_care:items/dog_beds/warped/white_bed"},


    {"predicate": {"custom_model_data":10022329}, "model": "doggy_care:items/dog_beds/mangrove/brown_bed"},
    {"predicate": {"custom_model_data":10022330}, "model": "doggy_care:items/dog_beds/mangrove/red_bed"},
    {"predicate": {"custom_model_data":10022331}, "model": "doggy_care:items/dog_beds/mangrove/orange_bed"},
    {"predicate": {"custom_model_data":10022332}, "model": "doggy_care:items/dog_beds/mangrove/yellow_bed"},
    {"predicate": {"custom_model_data":10022333}, "model": "doggy_care:items/dog_beds/mangrove/lime_bed"},
    {"predicate": {"custom_model_data":10022334}, "model": "doggy_care:items/dog_beds/mangrove/green_bed"},
    {"predicate": {"custom_model_data":10022335}, "model": "doggy_care:items/dog_beds/mangrove/cyan_bed"},
    {"predicate": {"custom_model_data":10022336}, "model": "doggy_care:items/dog_beds/mangrove/blue_bed"},
    {"predicate": {"custom_model_data":10022337}, "model": "doggy_care:items/dog_beds/mangrove/light_blue_bed"},
    {"predicate": {"custom_model_data":10022338}, "model": "doggy_care:items/dog_beds/mangrove/pink_bed"},
    {"predicate": {"custom_model_data":10022339}, "model": "doggy_care:items/dog_beds/mangrove/magenta_bed"},
    {"predicate": {"custom_model_data":10022340}, "model": "doggy_care:items/dog_beds/mangrove/purple_bed"},
    {"predicate": {"custom_model_data":10022341}, "model": "doggy_care:items/dog_beds/mangrove/black_bed"},
    {"predicate": {"custom_model_data":10022342}, "model": "doggy_care:items/dog_beds/mangrove/gray_bed"},
    {"predicate": {"custom_model_data":10022343}, "model": "doggy_care:items/dog_beds/mangrove/light_gray_bed"},
    {"predicate": {"custom_model_data":10022344}, "model": "doggy_care:items/dog_beds/mangrove/white_bed"}
	]
}